seq,label
MVKVKFKYKGEEKEVDTSKIKKVWRVGKMVSFTYDDNGKTGRGAVSEKDAPKELLDMLARAEREKKGVLKKLRAVENELH,b
SVEIKRVDKHHCLDLVGIFIELERYYFGDKAASEQDLANYLSHQVFSEHSGVKVIAAVEHDKVLGFATYTIMFPAPKLSGQMYMKDLFVSSSARGKGIGLQLMKHLATIAITHNCQRLDWTAESTNPTAGKFYKSIGASLIREKEYYRFEGNGLNKLAKSL,d
LCKKGCGYYGNPAWQGFCSKCWREEYHKARQKQIQEDWELAERLQREEEEAFASSQ,g
VTLCSDLESHSTEAVLGDALVDFSLKLYHAFSAMKKVETNMAFSPFSIASLLTQVLLGAGENTKTNLESILSYPKDFTCVHQALKGFTTKGVTSVSQIFHSPDLAIRDTFVNASRTLYSSSPRVLSNNSDANLELINTWVAKNTNNKISRLLDSLPSDTRLVLLNAIYLSAKWKTTFDPKKTRMEPFHFKNSVIKVPMMNSKKYPVAHFIDQTLKAKVGQLQLSHNLSLVILVPQNLKHRLEDMEQALSPSVFKAIMEKLEMSKFQPTLLTLPRIKVTTSQDMLSIMEKLEFFDFSYDLNLCGLTEDPDLQVSAMQHQTVLELTETGVEAAAASAISVARTLLVFEVQQPFLFMLWDQQHKFPVFMGRVYDP,e
MLVLVLGDLHIPHRCNSLPAKFKKLLVPGKIQHILCTGNLCTKESYDYLKTLAGDVHIVRGDFDENLNYPEQKVVTVGQFKIGLIHGHQVIPWGDMASLALLQRQFDVDILISGHTHKFEAFEHENKFYINPGSATGAYNALETNIIPSFVLMDIQASTVVTYVYQLIGDDVKVERIEYKKS,d
GFETLVVTSEDGITKIMFNRPKKKNAINTEMYHEIMRALKAASKDDSIITVLTGNGDYYSSGNDLTNFTDIPPGGVEEKAKNNAVLLREFVGCFIDFPKPLIAVVNGPAVGISVTLLGLFDAVYASDRATFHTPFSHLGQSPEGCSSYTFPKIMSPAKATEMLIFGKKLTAGEACAQGLVTEVFPDSTFQKEVWTRLKAFAKLPPNALRISKEVIRKREREKLHAVNAEECNVLQGRWLSDECTN,c
TQGFAVLSYVYEHEKRDLASRIVSTQHHHHDLSVATLHVHINHDDCLEIAVLKGDMGDVQHFADDVIAQRGVRHGHLQCLPKED,d
YGYAVSVRVGGKEHRHWERYDIDSDFLIPADSFDFVIGRLGPEAAIPDLSGESCEVVIDGQIVMTGIIGSQRHGKSKGSRELSLSGRDLAGFLVDCSAPQLNVKGMTVLDAAKKLAAPWPQIKAVVLKAENNPALGKIDIEPGETVWQALTHIANSVGLHPWLEPDGTLVVGG,b
QDRICIGYQANQNNQTVNTLLEQNVPVTGAQEILETNHNGKLCSLNGVPPLDLQSCTLAGWLLGNPNCDNLLEAEEWSYIKINENAPDDLCFPGNFENLQDLLLEMSGVQNFTKVKLFNPQSMTGVTTNNVDQTCPFEGKPSFYRNLNWIQGNSGLPFNIEIKNPTSNPLLLLWGIHNTKDAAQQRNLYGNDYSYTIFNFGEKSEEFRPDIGQRDEIKAHQDRIDYYWGSLPAQSTLRIESTGNLIAPEYGFYYKRKEGKGGLMKSKLPISDCSTKCQTPLGALNSTLPFQNVHQQTIGNCPKYVKATSLMLATGLRNNP,b
TCSTCRNRLVPGDRFHYINGSLFCEHDRPTALI,g
GGIHATDLNDKSVQRALDFAISEYNKVINKDEYYSRPLQVMAAYQQIVGGVNYYFNVKFGRTTCTKSQPNLDNCPFNDQPKLKEEEFCSFQINEVPWEDKISILNYKCRKV,d
MKNVAAAERQLRELESTFDGRLGFVALDTATGARIAHRGDERFPFCSTSKMMLCAAVLARSAGEPALLQRRIAYAKGDLIRYSPITEQHVGAGMSVAELCAATLQYSDNTAANLLIALLGGPQTVTAYARSIGDATFRLDRREPELNTALPGDERDTTTPAAMAASVHRLLVGDALGAAQRAQLNAWMLGNKTGDARIRAGVPADWRVADKTGTGDYGTANDIGVAYPPNRAPIVFIVYTTMRNPNAQARDDVIASATRIAARAFA,e
SMSEHSAIVTWKRKDSEAFTDNQYSRAHTWEFDGGSKILASASPHVVPVPLSVEANVDPEEAFVAALSSCHMLVFLSIAAKQRYLVESYTDNAVGILGKNSKGKTSVTKVVLRPQVVFSGTSKPTLQQLEKMHHLAHENCFIANSVETEVVTEII,d
MVTDYSPEWSYPEGGVKVLITGPWQEASNNYSCLFDQISVPASLIQPGVLRCYCPAHDTGLVTLQVAFNNQIISNSVVFEYK,b
SGKKPYECKECRKTFIQIGHLNQHKRVH,g